id,date,time,x_value,y_value,z_value
1,2022-09-03,7:11,65.1668,23.4164,86.2626
2,2022-06-14,8:41,74.2419,68.3473,58.7712
3,2022-01-25,22:32,25.3631,28.3406,74.2304
4,2022-10-05,0:49,38.5131,90.8252,1.9623
5,2022-03-28,19:08,75.2414,77.5581,71.2778
6,2022-02-08,13:37,67.0684,30.0482,78.4021
7,2022-10-26,23:16,97.1672,34.4919,59.2462
8,2022-12-11,7:50,86.1933,43.3736,11.2606
9,2022-08-20,21:34,12.0888,71.919,65.4435
10,2023-01-06,16:44,6.0059,94.8672,30.9771
11,2022-09-16,8:57,21.8597,48.821,37.5141
12,2022-11-24,4:34,8.225,42.1986,91.0835
13,2022-07-04,12:30,49.6985,39.5614,81.9193
14,2022-12-31,14:31,28.3519,33.9867,19.9704
15,2022-07-24,13:28,35.1903,96.8758,95.5158
16,2022-06-22,2:33,41.3476,75.2357,15.4287
17,2022-05-24,1:33,37.3263,90.377,93.1219
18,2022-03-20,7:41,2.8638,59.638,21.0575
19,2022-09-24,10:44,83.5029,60.2476,21.4506
20,2022-02-13,9:14,5.7823,23.9876,45.3414
21,2022-05-26,8:26,11.2796,67.7131,99.1669
22,2022-01-30,10:13,41.2772,17.6674,30.8278
23,2022-09-19,13:33,66.0116,30.2384,17.8673
24,2022-10-25,2:51,62.7801,31.3702,19.4835
25,2022-07-19,11:14,59.0295,49.1857,10.0676
26,2022-07-26,18:07,29.8099,34.5833,7.2463
27,2022-11-14,5:25,38.2591,81.9438,55.5689
28,2022-03-26,7:06,11.1277,31.9713,49.5402
29,2022-12-07,14:27,30.9231,91.6868,56.345
30,2022-05-07,12:35,52.0898,82.2887,71.3657
31,2022-04-27,22:32,15.1266,22.2227,34.3559
32,2022-11-04,4:14,45.4391,61.9155,25.2821
33,2022-01-27,22:03,81.6966,77.5076,27.7768
34,2022-07-16,10:33,61.0494,62.4315,68.7412
35,2022-06-20,12:03,41.3157,78.6162,95.4956
36,2023-01-05,15:29,4.5046,55.6186,92.8826
37,2022-03-04,2:22,66.795,79.1383,8.7587
38,2022-12-12,11:27,96.3138,80.5184,70.9127
39,2022-09-22,21:40,86.02,41.9835,60.7143
40,2022-05-12,2:37,62.5924,82.9515,70.5858
41,2023-01-14,8:45,75.013,9.0952,10.4606
42,2022-05-11,10:21,83.8432,96.1727,16.8877
43,2022-02-17,11:32,66.9266,12.3578,57.4635
44,2022-05-20,8:22,94.2559,92.348,17.8713
45,2022-07-08,15:58,89.7381,50.7974,74.1735
46,2023-01-20,16:59,31.1726,92.7143,93.6226
47,2023-01-15,19:27,98.5539,76.1923,94.0708
48,2022-12-19,9:25,83.7671,10.1924,71.8476
49,2022-04-16,20:38,93.339,18.8234,88.2771
50,2022-08-25,3:27,94.7727,96.4453,30.8386
51,2023-01-01,0:25,68.5349,8.5101,76.143
52,2022-03-21,1:53,16.8318,24.8303,73.1488
53,2022-06-23,13:53,41.5821,22.0259,64.7428
54,2022-01-27,2:03,35.5291,13.6091,72.3119
55,2022-01-30,1:12,19.9804,14.5254,3.6947
56,2022-04-13,17:01,98.5069,60.9661,82.5243
57,2022-10-30,4:03,60.0102,91.7314,4.8997
58,2022-10-29,6:12,81.1411,72.8267,32.937
59,2022-10-03,17:35,80.4895,93.8212,64.7415
60,2022-04-24,15:23,87.2068,77.2489,20.1346
61,2022-05-30,12:17,30.7074,53.0243,60.0952
62,2022-07-01,13:38,99.9625,25.3008,12.6653
63,2022-05-06,0:26,77.1366,81.2971,72.6478
64,2022-10-06,15:02,35.7018,34.6284,67.5154
65,2023-01-02,20:32,7.9158,62.6012,32.6672
66,2022-07-06,1:18,61.7611,82.8252,97.2186
67,2022-08-07,15:14,40.2834,78.0637,72.2967
68,2022-12-21,8:44,14.7922,2.8282,11.1487
69,2022-12-06,8:44,10.0122,82.2033,69.3384
70,2022-02-18,19:34,49.3837,31.7884,5.5164
71,2022-12-03,14:48,99.5498,53.0345,30.6971
72,2022-12-23,4:02,29.1186,94.0941,86.7638
73,2022-07-12,13:38,5.1482,53.0649,77.6961
74,2022-11-21,11:22,77.7006,42.7267,2.1026
75,2022-05-07,20:52,52.1037,92.6318,36.7071
76,2022-09-25,2:33,58.5608,55.3087,77.9427
77,2022-04-21,10:31,18.2444,4.3439,44.5483
78,2022-07-12,18:39,19.2937,21.8755,59.1937
79,2022-03-23,18:40,35.5768,57.3667,56.6175
80,2022-10-14,13:22,55.9219,79.3251,33.3757
81,2022-07-07,23:14,56.5866,72.3381,8.5953
82,2022-05-28,14:49,29.6889,82.6642,97.3635
83,2022-06-16,22:05,84.6897,64.2431,64.731
84,2022-09-04,16:06,99.8074,45.5365,93.5803
85,2022-05-29,15:29,58.2119,23.3153,45.715
86,2022-08-09,10:10,94.5134,90.2055,24.6767
87,2022-05-01,3:17,11.1871,54.0898,6.6875
88,2022-10-08,20:14,27.6197,7.9894,28.7161
89,2022-05-06,5:19,43.1371,56.8751,1.8899
90,2022-10-31,16:06,56.0708,70.3932,93.5564
91,2022-02-24,23:56,45.1555,36.6307,88.4719
92,2022-09-21,11:23,26.1051,7.7978,65.9426
93,2022-05-16,8:51,85.9802,60.4911,71.6757
94,2022-08-02,7:29,63.2412,59.5054,85.1454
95,2022-11-01,23:25,34.2833,83.7826,25.5862
96,2022-03-29,2:59,89.819,20.9774,48.3555
97,2022-12-16,19:43,14.9497,64.6342,8.1408
98,2022-09-05,6:39,99.5741,28.8764,1.7992
99,2022-05-19,3:50,59.5213,53.1688,66.1005
100,2022-05-25,3:55,4.1315,52.5934,73.5563
101,2022-10-01,0:39,93.4796,55.9079,48.4098
102,2022-10-31,3:17,68.5689,38.9907,54.022
103,2022-04-07,15:53,43.3209,84.9792,84.2965
104,2022-08-30,4:19,44.2522,36.6528,14.4132
105,2022-02-07,15:31,27.3994,42.5611,68.8453
106,2022-02-27,9:54,68.2008,80.1163,84.1637
107,2022-08-09,10:04,13.2053,8.1401,17.858
108,2022-11-25,21:15,40.1146,25.8621,45.9154
109,2022-05-17,17:44,78.6995,11.4993,62.9793
110,2022-10-28,23:21,96.4128,25.9621,89.3487
111,2022-02-24,8:57,51.8179,30.9448,89.6174
112,2022-04-06,6:08,87.7365,45.1595,52.6894
113,2022-11-22,2:06,64.8084,72.0648,3.1863
114,2022-03-19,0:51,74.9417,9.2589,5.6909
115,2022-09-14,0:00,58.0888,97.0846,25.2469
116,2022-06-27,13:09,16.148,83.4909,6.4222
117,2022-10-16,15:18,96.5956,27.5325,24.1352
118,2022-12-23,23:19,66.7757,8.1068,48.3792
119,2022-05-12,2:40,75.2351,52.4721,52.9631
120,2022-07-21,4:41,48.3546,81.1294,3.3375
121,2022-09-13,23:53,32.397,49.2673,26.9692
122,2022-11-03,5:30,47.2205,66.6758,37.3871
123,2022-09-05,23:56,32.0339,14.1704,43.5007
124,2022-11-15,2:21,27.4701,29.6013,22.4916
125,2022-02-28,7:22,16.2292,17.8733,52.4955
126,2022-12-18,16:45,20.515,41.3673,53.6351
127,2022-03-14,19:26,25.8328,16.196,15.7616
128,2022-06-20,3:05,3.5587,38.8933,10.3964
129,2023-01-16,15:13,91.961,8.9642,81.5035
130,2023-01-02,9:25,8.8654,85.8425,88.1594
131,2022-06-16,13:28,71.3937,76.3953,93.6496
132,2022-12-15,11:55,18.1855,64.5221,42.6143
133,2022-09-21,12:47,9.65,57.5711,72.1122
134,2022-11-13,2:18,95.9348,2.3657,42.4601
135,2022-08-12,23:23,79.2247,24.4926,3.504
136,2022-05-26,5:25,52.5661,50.4691,56.1607
137,2022-06-16,17:27,56.9268,51.5576,85.4499
138,2022-02-09,11:05,53.7462,25.0613,7.682
139,2023-01-23,2:26,74.4558,51.4702,94.6428
140,2022-05-15,21:49,95.7957,3.4031,80.859
141,2022-09-22,9:55,60.0576,83.8561,87.8052
142,2022-05-20,15:40,42.3112,40.5875,23.5945
143,2022-03-06,11:55,5.0481,83.2291,36.6047
144,2022-10-09,9:16,34.1281,81.2888,47.9952
145,2022-09-03,8:43,19.187,20.5111,36.3538
146,2022-09-08,19:46,46.7993,11.8386,65.0761
147,2022-05-19,15:50,72.0706,17.5638,3.8913
148,2022-12-24,3:56,72.1429,68.2575,77.6145
149,2022-03-16,0:43,35.0129,75.0351,20.3369
150,2022-07-23,22:08,71.8156,74.5479,16.504
151,2023-01-06,4:00,26.2181,75.3851,94.1103
152,2022-11-13,16:42,7.2982,99.2983,50.2344
153,2022-08-13,20:22,7.0959,51.1441,94.3903
154,2022-09-15,0:19,58.1597,83.7977,36.2168
155,2022-10-25,18:08,67.755,68.315,32.1667
156,2022-05-11,8:41,79.7119,65.8947,62.1772
157,2022-11-20,3:12,35.0579,8.9087,1.2334
158,2022-08-06,19:05,14.3489,26.7676,53.1638
159,2022-10-20,7:37,29.4185,35.6523,41.8595
160,2022-08-26,8:18,41.1732,63.1663,80.4353
161,2022-10-19,14:25,37.9279,66.0045,64.8371
162,2022-02-02,11:00,34.6707,23.408,55.4138
163,2022-02-14,11:45,19.4475,53.1435,83.4565
164,2022-05-14,13:17,37.1851,4.0061,95.801
165,2022-05-11,2:18,98.1662,91.7283,88.3878
166,2022-11-01,1:53,8.9489,8.795,27.0583
167,2022-06-22,1:50,6.8607,93.5674,98.4078
168,2022-04-07,12:34,62.2027,9.4277,15.1622
169,2022-07-09,6:55,91.0904,36.5358,9.3354
170,2022-05-01,0:11,18.54,54.0711,9.6583
171,2022-11-12,15:47,74.8361,17.6218,56.4239
172,2022-11-14,6:06,23.4925,77.6153,46.3527
173,2022-03-31,6:47,14.0273,32.3976,46.2463
174,2022-03-24,3:37,77.4292,43.2063,45.3805
175,2022-11-27,1:44,13.3181,5.3052,7.8773
176,2022-10-29,23:21,12.3112,16.131,11.5542
177,2022-04-02,13:19,7.6645,27.7389,55.6983
178,2022-08-16,0:01,45.9658,46.9739,84.4307
179,2022-12-19,15:48,8.5822,81.1733,57.6065
180,2022-03-17,13:26,40.0813,5.9312,11.0028
181,2022-07-01,14:13,94.3405,40.7217,29.7688
182,2022-05-17,4:01,94.0831,71.9225,86.2879
183,2022-06-17,12:17,43.7549,21.3044,57.2143
184,2022-05-20,17:22,82.1933,78.2098,58.9862
185,2022-05-28,3:40,31.6557,61.9479,77.1231
186,2022-06-12,16:09,28.543,89.3444,74.0361
187,2022-08-30,18:22,12.5537,18.3258,41.8943
188,2022-08-29,9:40,50.551,30.0587,39.0054
189,2022-06-23,7:38,86.9795,85.0687,4.0298
190,2022-11-21,8:45,58.0603,24.4374,95.2277
191,2022-06-17,8:02,61.5255,80.2927,27.8493
192,2022-03-18,7:55,83.3292,94.536,62.2033
193,2022-04-29,14:26,57.4792,13.2593,5.4242
194,2022-11-04,16:32,80.3363,17.0632,80.5322
195,2022-04-24,0:33,19.579,96.1733,15.6414
196,2022-12-10,4:27,51.7908,16.0022,32.6326
197,2022-05-08,12:19,28.1034,77.3047,5.5866
198,2022-01-25,14:13,15.5222,75.117,10.7409
199,2022-08-03,17:28,40.482,93.763,68.496
200,2022-10-31,7:56,20.0022,1.2781,49.6134
201,2022-03-18,17:05,11.3037,61.6308,31.5121
202,2022-02-25,13:04,55.3904,12.0988,7.7268
203,2022-03-12,16:02,99.2883,47.0863,86.907
204,2022-03-08,8:02,42.8766,62.9467,58.2484
205,2022-03-24,1:23,94.9964,22.9177,36.356
206,2023-01-20,9:27,43.4312,55.8219,77.367
207,2022-10-29,14:32,37.3685,48.7505,56.5578
208,2022-08-13,5:50,22.391,94.9419,3.3321
209,2022-03-08,3:27,55.2921,63.1397,3.8509
210,2022-02-16,10:36,44.9894,96.4107,12.5681
211,2022-04-10,18:36,4.6944,68.0604,9.6147
212,2022-07-10,1:54,54.6202,70.7467,50.6072
213,2022-08-28,12:58,40.5241,50.0119,71.6287
214,2022-11-13,10:24,70.696,79.7277,35.6521
215,2022-06-12,8:19,7.5195,31.9451,22.1948
216,2022-05-19,15:23,54.2753,80.2837,74.7963
217,2022-08-18,0:22,20.221,62.2341,73.6712
218,2023-01-21,7:56,8.7156,84.6331,39.5122
219,2022-07-01,22:54,13.0036,69.4697,90.8744
220,2022-11-17,3:02,21.8744,85.2249,48.9462
221,2022-06-22,15:05,37.1783,60.5867,24.766
222,2022-02-14,9:39,97.7605,35.4223,68.6447
223,2022-02-09,11:41,62.7368,46.9414,22.2076
224,2022-02-12,23:20,80.5237,23.9503,42.723
225,2022-09-11,7:54,99.7542,25.7589,7.707
226,2022-05-01,22:31,65.5924,63.1922,90.2904
227,2022-04-02,13:54,35.5006,40.8369,89.228
228,2022-11-28,10:06,70.7451,40.8649,6.3663
229,2022-02-22,20:29,71.8777,94.7624,32.0423
230,2022-05-12,12:14,13.9209,69.6966,8.8889
231,2022-07-14,18:24,3.1165,93.0073,20.6588
232,2022-03-22,6:02,34.4859,78.6394,18.7861
233,2022-09-22,4:15,53.6631,7.2845,16.3685
234,2022-06-10,12:42,41.2214,48.231,76.8032
235,2022-04-13,4:15,83.7145,39.8781,4.582
236,2022-12-16,0:05,10.3854,59.4291,48.7063
237,2022-03-03,13:23,38.3012,12.2585,95.4277
238,2022-12-18,21:18,25.7823,24.7832,95.7127
239,2022-01-25,13:19,97.7264,21.488,63.2223
240,2022-07-07,7:30,90.5531,14.0027,49.4114
241,2022-12-19,9:18,24.0921,92.5682,54.313
242,2022-03-22,23:24,5.3187,55.9116,20.341
243,2022-10-29,16:17,51.5994,4.8347,28.9856
244,2022-12-21,4:20,96.1763,38.2558,5.9798
245,2022-01-31,3:24,30.561,76.1419,89.7387
246,2022-09-18,8:34,55.762,45.0441,96.9742
247,2022-09-18,18:54,84.0124,8.0165,69.2246
248,2022-08-18,8:04,57.0864,91.4406,43.4478
249,2022-04-16,4:52,5.6212,70.2011,85.1345
250,2022-09-18,0:01,37.3901,83.3453,3.1221
251,2022-10-27,17:45,65.3276,66.0346,61.5593
252,2022-03-02,6:24,95.2077,51.8513,13.116
253,2022-10-17,16:57,91.5189,70.2377,67.8597
254,2022-05-08,13:07,11.8513,42.9263,46.3815
255,2022-02-01,3:54,90.5126,22.7738,96.4501
256,2022-05-13,16:22,29.4384,97.1836,35.6138
257,2022-10-23,17:11,23.0734,37.0515,36.9776
258,2022-05-24,19:49,80.2065,65.2838,39.0525
259,2023-01-09,8:07,27.3754,6.4607,27.1105
260,2022-08-09,5:41,89.402,77.3003,25.6818
261,2022-11-17,0:20,94.9345,20.3221,56.5176
262,2022-04-14,15:23,5.7672,21.2886,49.7479
263,2022-11-29,14:40,32.2624,19.6953,2.9544
264,2023-01-13,9:58,59.9832,33.4091,87.321
265,2022-12-28,13:35,79.3139,2.2009,92.2859
266,2022-11-19,7:27,94.0739,98.489,52.2044
267,2022-12-26,5:52,81.6555,61.2857,76.8131
268,2022-04-28,5:20,54.3287,41.4179,31.9586
269,2023-01-05,2:36,4.7641,13.4122,5.6236
270,2022-03-01,20:49,42.3918,54.3907,14.844
271,2022-06-03,16:38,84.8944,88.0835,93.5007
272,2022-03-06,7:05,9.4239,30.0774,83.1134
273,2022-02-16,23:50,23.9413,66.264,86.5076
274,2022-05-31,19:26,21.1797,81.7652,16.8574
275,2022-07-16,22:56,49.0784,98.386,69.8773
276,2023-01-17,10:31,64.1987,23.0135,68.9856
277,2022-10-16,3:10,88.3287,37.3919,64.0126
278,2022-10-14,1:19,59.3936,44.3608,12.1226
279,2022-11-18,19:45,56.5301,91.9273,76.566
280,2022-09-27,15:03,79.0439,70.4035,11.6881
281,2022-09-23,12:34,8.501,67.8499,97.4632
282,2022-02-10,21:41,95.9149,30.5238,57.36
283,2022-03-09,15:01,41.5517,9.2827,58.2902
284,2022-11-06,5:07,2.5531,30.5762,1.5013
285,2022-06-16,10:49,94.9322,4.1744,72.217
286,2023-01-11,1:31,36.5838,91.7788,56.8108
287,2022-11-29,12:54,86.3806,3.6608,85.0238
288,2022-03-09,19:30,48.7128,5.0405,33.1983
289,2022-11-08,20:32,4.6947,28.5419,5.2426
290,2023-01-07,17:32,15.7181,94.6994,19.9312
291,2022-11-16,19:37,98.9399,54.58,80.3149
292,2022-09-12,12:15,43.7815,14.4154,14.7258
293,2022-04-23,15:07,6.4492,85.8321,21.9535
294,2023-01-16,17:19,62.3265,22.4637,40.4918
295,2022-06-09,17:50,84.8581,55.7362,19.1738
296,2022-09-08,7:32,72.5755,67.9265,43.3207
297,2022-09-12,7:32,2.7136,72.1677,57.879
298,2022-07-15,2:12,28.5269,33.9562,35.3336
299,2022-04-26,22:47,76.9891,18.4485,86.4773
300,2022-01-30,23:07,51.8535,11.3672,56.2285
301,2023-01-13,20:55,74.9424,69.8008,48.6631
302,2022-06-02,15:28,3.1928,24.0835,16.5414
303,2022-08-13,13:02,24.9738,64.6071,79.5462
304,2022-11-14,12:46,6.6654,23.1671,56.979
305,2022-08-21,21:46,50.6244,70.7276,83.6074
306,2022-05-14,8:06,71.0049,83.5669,14.9846
307,2022-06-07,5:03,36.3811,53.9366,84.7467
308,2023-01-07,2:20,91.8667,16.2424,45.2922
309,2023-01-05,23:09,49.7974,95.2281,23.7582
310,2022-06-23,21:47,20.5297,74.7601,25.5499
311,2022-09-09,5:16,38.9026,35.9209,88.2547
312,2022-09-05,15:37,64.565,55.5366,5.8346
313,2022-11-28,8:49,67.0643,23.2178,54.4968
314,2022-05-16,15:42,14.235,11.163,61.7232
315,2023-01-23,19:35,50.6477,59.7749,55.8518
316,2022-10-18,20:01,83.9963,77.5851,5.5527
317,2022-09-19,21:19,72.1891,7.1666,78.5411
318,2022-09-04,11:12,69.769,91.4848,12.3904
319,2022-11-05,22:54,84.4635,18.8525,51.0042
320,2022-12-13,14:08,85.0532,70.8162,14.9165
321,2022-09-19,14:13,64.8054,47.5626,43.4178
322,2022-07-23,20:56,95.7669,84.7564,84.3508
323,2022-10-18,21:50,12.9143,28.9471,78.0044
324,2022-11-29,21:13,28.5847,27.877,61.3845
325,2022-10-29,17:49,75.5507,46.3266,22.7045
326,2022-09-25,2:46,71.9559,75.5117,11.2958
327,2022-06-08,14:02,8.4047,15.0103,66.3749
328,2022-03-13,5:36,66.4435,25.8298,73.5741
329,2022-11-28,4:36,87.5104,42.6913,45.1129
330,2022-04-15,15:27,42.7379,98.4747,97.1656
331,2022-12-12,3:22,15.4293,33.3079,11.0209
332,2022-07-10,10:38,67.8048,30.3769,1.0621
333,2022-01-28,14:40,16.857,32.3639,68.2107
334,2022-07-13,4:48,22.6102,74.7792,26.7518
335,2022-02-25,18:13,64.3723,37.4762,11.3752
336,2022-05-26,19:09,58.6576,27.2087,97.0378
337,2022-04-22,13:46,44.5285,40.4369,96.5554
338,2022-07-14,4:20,45.8114,33.9905,3.6007
339,2022-08-17,8:11,44.2337,90.5912,1.1367
340,2022-10-27,2:27,95.7035,39.0527,92.8453
341,2022-10-27,19:54,97.7698,95.5119,17.6288
342,2022-03-27,23:26,58.3757,16.0919,25.5573
343,2022-03-03,20:50,80.3199,92.7942,73.4868
344,2022-07-08,23:54,58.6424,40.7858,51.7694
345,2022-12-30,6:46,61.9078,97.9766,5.9977
346,2022-12-27,1:12,17.15,37.4939,1.9483
347,2022-04-25,23:45,59.6828,90.6059,73.3751
348,2022-11-07,3:37,60.0193,57.0471,68.5784
349,2022-11-27,19:44,88.5154,79.0454,67.5923
350,2022-12-17,13:00,5.0226,13.1085,71.2821
351,2022-08-10,17:37,41.9226,46.7871,89.8572
352,2022-11-02,3:48,72.8083,35.2012,53.8628
353,2022-02-17,11:41,36.3362,94.7415,11.2127
354,2022-04-16,20:30,19.497,67.6515,20.1977
355,2022-01-25,19:20,83.7398,21.5152,5.4849
356,2022-10-14,17:49,80.7859,68.2657,75.336
357,2022-08-15,21:55,32.6585,85.5763,30.942
358,2022-05-21,13:20,7.4553,9.1271,97.2719
359,2022-01-26,15:27,45.7252,2.6827,73.8418
360,2022-02-12,0:33,2.1105,93.8542,92.8362
361,2022-10-07,5:52,27.0433,30.3863,46.6939
362,2023-01-12,20:05,9.6148,69.1677,55.9066
363,2022-12-22,1:31,19.2155,88.2806,28.9974
364,2022-12-24,11:39,49.3907,94.286,76.9556
365,2022-05-15,5:57,2.1635,79.6425,47.031
366,2022-07-29,22:18,55.074,26.0771,82.4186
367,2022-04-13,23:10,88.6179,43.1243,30.136
368,2022-08-11,10:48,4.0609,83.9587,19.971
369,2023-01-21,5:16,18.3975,75.9083,70.42
370,2022-05-26,1:28,16.1704,10.9203,33.9932
371,2022-03-26,17:37,23.2179,39.8987,9.8071
372,2023-01-24,0:03,85.4892,72.9613,9.9575
373,2022-10-17,23:18,36.7118,29.1206,66.5782
374,2022-07-08,15:06,95.301,12.2739,45.5634
375,2022-09-20,22:53,26.3834,2.3218,59.2343
376,2022-06-21,2:34,84.633,77.9742,52.0325
377,2022-07-31,4:43,76.0249,16.3982,24.3041
378,2022-06-22,20:18,32.6238,62.9726,75.9336
379,2022-07-06,9:42,32.7464,53.6535,14.4297
380,2022-11-03,15:15,55.4468,68.8776,26.8884
381,2022-10-13,2:23,38.4693,68.4766,12.2493
382,2022-05-06,2:38,66.3505,65.6223,24.0706
383,2022-09-07,4:46,7.465,57.7086,49.2488
384,2022-12-20,20:45,51.0577,10.3376,52.6088
385,2022-07-08,3:29,67.661,16.8607,34.5328
386,2022-04-06,8:35,55.2387,55.9762,9.7535
387,2022-05-09,7:08,33.0717,41.2793,53.7185
388,2022-08-06,15:03,66.6382,25.5766,25.123
389,2023-01-24,3:53,11.5888,15.0503,54.6606
390,2022-08-10,18:51,97.6467,1.6118,37.3574
391,2022-06-09,3:06,83.2389,38.5128,80.6253
392,2022-12-20,5:41,35.3668,64.581,25.8383
393,2022-04-22,2:06,88.6903,42.8041,97.4666
394,2022-07-31,19:23,11.3376,43.5929,41.3217
395,2022-07-15,12:52,85.6833,46.9624,26.4616
396,2022-11-23,3:17,28.6877,8.5942,86.1449
397,2022-06-01,18:24,5.5339,19.712,15.7979
398,2022-06-26,23:39,4.3957,17.1017,5.2002
399,2022-03-03,10:41,10.9288,79.2805,99.1426
400,2022-09-14,2:14,97.4534,5.2245,3.0989
401,2022-06-17,1:19,15.3,72.489,8.5997
402,2022-12-14,12:54,39.0438,81.1388,20.3358
403,2022-04-05,17:01,53.3477,10.644,84.9983
404,2022-05-11,18:24,48.6546,64.4526,68.6214
405,2023-01-13,7:31,11.4592,17.3879,53.3825
406,2022-12-12,23:45,36.344,70.5715,31.4322
407,2022-06-11,23:45,13.3122,9.6028,10.9284
408,2022-07-14,23:16,54.7607,16.9402,77.0241
409,2022-08-12,23:09,94.7725,83.1467,15.744
410,2022-08-29,7:13,39.8296,78.9969,63.2133
411,2022-04-20,5:41,26.0442,9.6317,38.5679
412,2022-09-17,7:29,80.078,74.2957,6.0948
413,2022-06-08,5:46,95.2882,70.3297,29.4907
414,2022-10-01,6:35,41.453,95.1798,51.1107
415,2022-06-25,20:48,53.1476,64.4728,14.6907
416,2022-06-16,16:42,44.1566,22.6583,75.2571
417,2023-01-01,11:01,38.6621,85.3725,24.6534
418,2022-12-29,5:35,81.9932,10.4832,92.1966
419,2022-10-18,8:25,35.8837,7.0649,39.0332
420,2022-07-29,20:53,45.9966,31.6422,83.3636
421,2022-06-09,3:32,79.8859,85.7794,9.6185
422,2022-05-24,14:14,11.297,93.0712,81.6963
423,2022-05-26,12:41,5.6959,84.9157,19.169
424,2022-03-23,0:42,84.6487,9.1262,42.4485
425,2022-03-14,9:09,26.8021,31.7141,30.3539
426,2022-11-29,2:49,53.9697,89.0933,12.0922
427,2022-05-19,3:58,12.1769,61.2724,34.5705
428,2022-12-13,7:23,19.4279,43.1151,13.5022
429,2022-07-17,0:12,82.4575,93.6957,18.1259
430,2022-12-25,23:42,99.7354,7.6462,46.5312
431,2022-09-02,18:45,46.0508,79.3774,3.714
432,2022-08-04,6:20,17.2311,17.3163,19.216
433,2022-10-31,5:17,12.7535,9.1093,69.5457
434,2022-08-15,18:59,73.9197,13.9026,54.748
435,2022-06-30,12:03,50.7971,66.9218,33.7846
436,2022-09-28,10:55,14.9342,71.3998,42.4516
437,2022-05-13,3:41,53.073,26.7999,22.5733
438,2022-10-31,11:49,34.3389,26.6883,59.9736
439,2022-11-12,9:53,78.6704,86.8126,25.9803
440,2022-07-17,20:44,3.6446,63.8793,11.6764
441,2022-10-18,9:13,75.7513,31.4289,29.5142
442,2022-11-11,10:53,53.4501,18.5956,36.0648
443,2022-09-10,18:10,42.0702,66.5038,41.4889
444,2022-02-07,5:03,57.8871,78.4035,35.0683
445,2022-06-19,10:43,6.1532,73.7843,1.4341
446,2022-02-20,5:51,35.3286,3.0525,20.905
447,2022-02-17,11:18,3.0421,37.7861,40.3363
448,2022-08-03,18:29,20.4724,78.2017,48.1263
449,2022-03-10,14:58,53.7754,54.5159,16.2328
450,2022-10-04,10:07,84.1684,3.2521,70.7674
451,2022-10-11,19:21,13.4359,5.9341,28.7381
452,2022-12-12,4:14,80.468,77.9512,95.2258
453,2022-05-31,0:27,82.3781,86.4295,88.6001
454,2022-06-21,9:21,13.834,51.311,33.0841
455,2022-02-18,18:59,54.8849,2.0907,51.3229
456,2022-04-08,14:38,1.4295,22.2347,29.29
457,2023-01-07,8:45,90.7046,41.9415,80.8961
458,2022-10-25,9:55,49.7741,50.8297,7.0006
459,2022-07-29,0:32,96.1808,61.8161,74.0277
460,2022-03-22,4:34,31.0731,16.0762,68.3268
461,2022-07-01,8:31,56.1129,6.9312,56.4006
462,2022-08-22,18:58,6.0127,8.4513,52.1258
463,2022-05-05,2:47,45.1517,9.2293,53.286
464,2022-07-05,14:50,80.2714,56.7139,39.9757
465,2022-03-04,23:47,15.912,92.0009,23.8407
466,2022-05-18,6:11,54.1115,33.1821,63.1339
467,2022-05-17,23:25,8.8017,80.9686,78.6297
468,2022-08-31,10:54,91.4841,26.6276,42.1695
469,2022-02-06,13:11,54.3924,28.7782,90.1615
470,2022-10-03,4:54,67.5728,10.2801,49.2325
471,2022-05-27,14:10,4.8949,67.0226,60.9362
472,2022-09-01,13:29,65.9428,48.1391,9.0899
473,2022-10-11,4:05,68.607,17.6291,2.9718
474,2022-07-22,17:56,60.9615,8.5736,58.7163
475,2022-12-18,10:45,23.6391,87.2742,26.8007
476,2022-09-22,15:28,5.4028,47.5264,33.6316
477,2022-04-01,4:57,64.1737,29.8705,35.1538
478,2022-01-27,16:16,70.732,80.7433,31.2549
479,2022-09-01,7:09,66.536,78.9477,39.6234
480,2022-12-04,16:31,3.2789,31.7528,33.3357
481,2022-08-26,0:35,94.7166,25.0157,13.427
482,2022-01-27,16:38,82.8401,88.1963,64.0409
483,2022-08-17,15:50,30.3209,71.6131,7.3415
484,2022-07-13,1:19,6.0457,42.9994,61.2742
485,2022-02-07,2:52,88.084,13.2238,56.052
486,2022-03-03,18:07,28.5597,83.9819,2.2084
487,2022-04-10,18:03,68.6405,15.9813,38.805
488,2023-01-24,11:24,36.2106,42.3222,19.973
489,2022-08-21,6:13,52.098,6.7282,15.9554
490,2022-10-31,12:50,32.1411,63.4225,86.805
491,2022-09-26,16:04,63.2663,79.8528,77.0882
492,2022-04-04,12:19,35.9302,48.5369,43.5766
493,2022-08-17,13:51,52.6282,93.8971,24.7044
494,2022-04-21,2:17,61.6564,66.2594,13.8832
495,2022-07-27,23:21,18.368,77.6866,30.9617
496,2022-06-09,14:42,78.6667,15.5205,33.0961
497,2022-04-23,5:40,70.7997,47.696,92.8774
498,2022-12-23,23:01,49.9966,70.8721,35.2903
499,2022-04-04,4:24,77.7664,16.774,81.1404
500,2022-10-05,11:04,45.2428,70.2366,18.1127
501,2022-09-05,22:03,27.5994,68.5178,30.4319
502,2022-03-04,18:45,41.0778,98.6629,58.9338
503,2022-10-20,22:33,77.0104,65.05,18.5382
504,2022-02-12,22:42,55.383,7.6877,18.1058
505,2022-10-19,23:41,9.2636,1.1381,31.5301
506,2022-06-10,8:42,72.043,45.525,91.0066
507,2022-02-19,11:41,70.1546,64.3917,79.259
508,2022-11-26,9:53,56.516,41.6799,54.8651
509,2022-05-22,1:58,41.0753,92.1891,20.8706
510,2022-09-10,19:15,13.3328,54.3941,99.8155
511,2022-07-24,20:29,37.6323,29.6483,23.5798
512,2022-06-22,2:18,19.6875,36.0018,98.7852
513,2022-01-31,21:33,98.4758,83.1296,68.8639
514,2022-09-29,10:06,37.6197,22.018,2.7659
515,2022-11-28,10:15,2.3373,55.822,7.6247
516,2022-09-22,13:37,31.9591,50.6943,46.9642
517,2022-12-23,6:43,18.8404,77.4873,4.399
518,2022-04-16,14:04,48.3844,62.9954,43.2997
519,2022-11-14,1:58,16.5653,73.1045,9.1662
520,2022-04-26,22:42,65.9836,61.641,73.6126
521,2022-08-31,19:10,46.4406,13.6068,30.0187
522,2022-04-11,22:52,65.2541,92.0984,56.7398
523,2022-09-21,8:43,4.0809,40.7316,99.5559
524,2022-08-13,7:57,86.223,7.1415,78.4991
525,2023-01-11,21:22,95.2319,28.518,34.0459
526,2022-09-25,15:27,53.4198,32.2849,36.3136
527,2022-04-29,13:09,71.4062,24.733,26.1116
528,2022-10-08,0:56,3.0769,92.0829,58.9132
529,2022-09-29,22:23,43.6997,4.1429,35.0672
530,2022-08-23,19:39,54.5815,18.2243,85.897
531,2022-04-15,21:38,3.2798,47.9788,86.6169
532,2022-08-23,21:07,77.1185,49.526,63.1057
533,2022-11-05,22:26,45.1345,4.0622,69.7395
534,2022-10-06,13:59,34.3927,74.584,90.2361
535,2022-04-05,22:55,20.9694,98.6071,88.057
536,2022-08-19,6:25,7.1899,78.6327,60.0584
537,2022-03-06,0:34,39.0388,47.9263,30.5225
538,2022-07-19,15:51,48.7219,10.5342,26.7629
539,2022-07-23,18:07,8.4601,18.3184,29.9854
540,2023-01-10,18:14,32.5953,94.0861,10.8102
541,2022-10-29,5:31,33.1407,43.1051,79.0231
542,2022-10-27,23:55,88.8047,19.7005,86.0949
543,2022-08-13,8:42,10.1505,26.3039,65.9991
544,2022-06-02,4:24,61.708,11.7009,73.4992
545,2022-08-18,22:03,33.1595,62.8945,33.5921
546,2022-10-03,1:53,84.5215,41.7903,48.2767
547,2022-07-15,10:10,42.015,37.6558,73.8513
548,2022-11-14,19:37,83.9237,69.8222,46.7583
549,2022-02-22,20:47,96.4708,85.6042,61.9902
550,2022-09-17,13:13,86.0564,63.4108,20.4717
551,2022-08-30,20:23,91.4969,54.2059,15.1976
552,2023-01-21,18:03,90.1664,14.6403,61.766
553,2022-09-10,0:02,40.8289,91.5999,72.9782
554,2022-05-03,21:00,97.1487,71.418,47.4453
555,2022-01-31,22:12,9.1075,90.5834,10.8611
556,2022-10-27,4:21,50.859,46.0519,91.1999
557,2022-07-21,13:22,94.1153,29.7884,98.596
558,2022-11-06,5:43,55.3431,56.2892,33.4488
559,2022-07-05,23:20,28.5231,99.7162,93.2045
560,2022-11-12,20:14,79.6089,13.575,62.7999
561,2022-07-31,14:06,88.8807,65.0815,99.1039
562,2022-03-02,6:18,22.7642,61.9858,64.5873
563,2022-06-12,11:24,53.1778,77.6262,91.2353
564,2022-10-13,21:48,52.4169,42.2631,45.4778
565,2022-05-13,0:19,11.6878,47.9204,8.9108
566,2022-09-29,17:31,17.3005,8.9114,66.5981
567,2022-05-14,0:37,33.1803,94.3519,73.2912
568,2022-08-27,2:28,16.0439,60.2458,84.9256
569,2022-10-17,17:24,26.8133,62.9848,95.8171
570,2022-03-26,3:21,25.291,63.5259,70.5818
571,2022-02-09,18:33,58.1382,70.696,58.6727
572,2022-07-02,13:51,6.5932,12.6634,89.4862
573,2022-04-20,23:52,79.0138,18.1098,32.4068
574,2022-05-29,8:43,79.91,87.4116,13.1462
575,2022-02-08,6:43,96.8652,11.244,27.132
576,2023-01-07,0:11,78.7447,74.3157,42.4961
577,2022-10-23,14:22,74.962,23.7641,93.5173
578,2022-03-11,5:05,74.9574,34.9498,31.5319
579,2022-05-18,5:03,34.1669,59.3316,85.8252
580,2022-01-28,11:58,95.7016,24.0404,95.1282
581,2022-09-05,2:14,90.8954,41.9335,30.9148
582,2022-11-13,3:15,62.2632,97.4538,36.9173
583,2022-03-18,7:51,13.824,36.0025,18.159
584,2022-05-10,13:29,1.063,45.9814,5.4397
585,2022-03-05,8:35,8.7089,64.6444,81.7044
586,2022-09-08,12:54,89.9001,37.4206,4.0373
587,2022-10-09,14:29,75.6296,17.011,32.3348
588,2022-10-16,2:16,46.7179,1.4964,57.6132
589,2022-07-14,7:29,37.9691,42.7546,21.0247
590,2023-01-22,4:13,59.8951,59.4953,20.0334
591,2022-05-31,14:19,16.2454,90.1151,58.7379
592,2022-08-10,1:37,26.9899,18.5353,72.6735
593,2022-06-02,13:21,36.5522,7.8051,29.7511
594,2023-01-10,4:20,63.8653,45.1278,42.1792
595,2022-09-26,15:03,15.0873,8.8855,56.9202
596,2022-10-03,7:44,26.9886,20.0349,30.1198
597,2022-07-22,3:37,40.8981,2.9851,45.6907
598,2022-08-07,1:20,46.3782,41.9692,54.8323
599,2022-05-23,23:02,41.9626,89.286,14.1985
600,2022-03-10,18:37,47.5975,38.2738,80.3383
601,2022-12-30,3:01,86.8548,8.2034,18.6522
602,2022-11-17,15:11,83.9972,75.9442,62.2759
603,2022-04-17,3:48,35.9565,15.4314,68.459
604,2022-12-09,2:28,16.5595,74.8593,58.6395
605,2022-04-12,20:51,89.0738,47.7328,94.1059
606,2022-07-20,11:43,16.6271,69.4899,50.2769
607,2022-07-01,23:32,48.7581,34.697,17.5883
608,2022-06-01,18:39,14.2922,15.8857,4.1504
609,2022-02-23,22:34,77.9705,92.0538,68.807
610,2022-10-10,20:20,16.4774,40.9807,12.2212
611,2022-02-02,2:25,69.0189,5.1479,82.1471
612,2022-06-27,0:57,37.5915,65.3014,20.7734
613,2022-05-02,7:45,54.1176,8.2803,39.4264
614,2022-06-06,9:46,43.739,1.5692,99.8339
615,2022-08-08,4:21,5.3256,38.4802,93.7047
616,2022-02-08,17:03,29.2981,29.4858,16.9394
617,2022-08-09,15:52,4.1717,53.6807,89.1476
618,2022-12-10,16:34,63.6419,69.8202,46.7718
619,2022-05-23,15:52,73.2332,61.6362,21.9886
620,2022-03-01,8:46,41.6946,48.4677,8.4133
621,2022-06-09,20:03,4.0421,73.6064,7.7049
622,2022-11-21,9:32,52.7192,58.3799,7.7589
623,2022-09-02,10:10,75.5239,66.7817,36.9465
624,2022-02-13,19:32,60.0901,72.3898,76.0443
625,2022-04-15,1:01,16.3416,63.0255,22.6143
626,2022-05-21,8:06,37.1294,59.5639,74.039
627,2023-01-24,15:49,36.4025,58.73,69.9991
628,2022-09-03,11:02,18.7356,52.4496,84.3436
629,2022-09-02,5:46,25.4708,56.6226,85.7077
630,2022-09-20,11:12,9.2926,22.696,54.9092
631,2022-12-09,5:17,4.6878,23.8238,17.5483
632,2022-04-05,13:44,44.1893,47.108,49.0925
633,2022-11-30,9:57,45.5022,9.259,10.2145
634,2023-01-17,18:33,72.9214,73.7719,32.4644
635,2022-12-06,14:13,77.6452,74.7636,88.3421
636,2023-01-13,19:23,87.1146,64.6689,62.3418
637,2022-07-23,13:31,86.1604,1.4585,88.6032
638,2022-12-03,8:24,61.34,97.0419,43.1175
639,2023-01-08,20:46,44.2196,78.3249,51.8742
640,2022-03-23,4:25,67.0312,93.5616,2.9611
641,2022-12-07,12:38,70.5153,14.942,4.2779
642,2023-01-20,4:04,57.9949,23.9834,80.6671
643,2022-09-19,23:02,89.8708,24.1272,27.4899
644,2022-09-09,18:26,41.2844,30.3092,24.2843
645,2022-09-23,0:19,75.7822,86.9878,8.7039
646,2022-02-08,1:36,3.1759,28.5251,31.4969
647,2022-02-21,18:04,79.6519,53.7035,27.4277
648,2022-04-07,3:35,86.6649,60.8022,72.7035
649,2022-07-03,1:12,69.7361,62.5454,77.6408
650,2022-12-27,13:03,69.7511,94.0997,23.3564
651,2022-06-29,4:36,82.6134,8.7635,33.4094
652,2022-09-06,13:04,44.4484,32.9288,71.2585
653,2022-10-07,20:40,20.8644,48.4488,1.6685
654,2022-03-15,0:06,8.1948,38.9233,10.7227
655,2022-05-13,9:59,10.5116,52.8091,91.7067
656,2022-08-15,20:29,8.0359,19.1901,30.6573
657,2022-09-26,2:09,74.1515,78.1444,90.6817
658,2022-12-03,8:53,66.4381,76.5273,90.1002
659,2022-02-02,13:59,72.8618,75.7126,38.5307
660,2022-09-25,3:45,84.446,52.2425,92.4242
661,2022-07-05,6:49,39.783,86.7535,34.7086
662,2022-11-25,0:10,23.0822,12.3277,10.8741
663,2022-11-19,5:33,39.0022,18.5535,92.9621
664,2022-03-18,12:35,77.1442,31.9235,83.2799
665,2022-05-08,20:58,63.8304,85.345,73.5182
666,2022-12-31,12:45,72.7989,30.5068,1.8344
667,2022-11-06,16:11,77.2211,94.8315,80.5572
668,2022-08-28,17:53,23.1959,9.3825,29.6883
669,2022-07-21,6:04,37.6923,15.0909,41.0062
670,2022-09-02,3:53,9.6887,10.2883,15.2869
671,2022-05-09,19:57,66.1573,23.4357,76.4442
672,2022-05-08,16:53,66.8665,96.32,14.7946
673,2022-08-27,2:11,80.5461,14.5627,65.3404
674,2022-08-23,19:13,94.1964,41.4982,56.6626
675,2022-11-30,16:48,41.9971,76.6734,82.7464
676,2022-02-25,1:08,63.8533,35.3696,44.1849
677,2022-11-05,7:45,69.6423,33.174,24.3582
678,2022-04-15,7:16,88.8653,20.2153,84.9021
679,2022-09-09,15:41,55.5777,81.9898,80.832
680,2022-09-28,10:50,95.2223,48.948,22.9168
681,2022-12-12,1:32,95.6855,62.5948,96.0962
682,2022-06-17,11:15,59.1172,28.9315,43.8702
683,2022-05-30,16:27,78.2057,1.3435,92.9584
684,2022-04-09,18:06,34.3157,89.7781,90.1932
685,2022-11-11,11:32,49.0017,43.7392,97.851
686,2022-05-25,22:32,19.8202,96.7598,75.4225
687,2022-12-15,10:17,78.1819,75.155,4.6208
688,2022-08-13,13:21,33.3566,9.4957,97.7938
689,2022-05-01,22:37,37.2833,9.7097,71.1963
690,2023-01-08,0:30,6.1984,98.1285,70.5684
691,2022-10-18,11:25,40.9616,21.1527,30.3659
692,2022-06-14,2:58,44.513,29.5813,61.1447
693,2022-06-29,11:41,28.8653,32.8943,85.9179
694,2022-02-24,17:59,22.6578,12.1838,79.223
695,2022-03-29,3:42,14.1006,75.0483,62.2567
696,2022-04-29,8:22,89.5865,1.7445,14.0945
697,2022-12-28,4:36,27.3422,57.1598,36.5437
698,2023-01-16,13:39,76.613,5.4041,39.5333
699,2022-02-15,11:28,39.4835,82.6356,40.5836
700,2022-02-26,7:40,70.3412,45.1526,6.8958
701,2022-08-11,13:32,51.7081,43.1789,44.7028
702,2023-01-12,13:49,9.4846,59.3091,48.8832
703,2022-02-20,10:27,89.917,25.2544,46.36
704,2022-07-25,2:29,58.7726,34.589,78.6123
705,2022-05-01,2:17,61.097,95.343,58.0583
706,2022-11-03,23:34,9.553,13.8191,29.3059
707,2022-05-23,4:31,48.6105,26.2032,59.0378
708,2022-04-04,7:50,33.8403,78.6563,5.3309
709,2022-01-25,5:03,57.977,19.1172,73.7268
710,2022-03-30,4:15,31.627,16.2952,6.207
711,2022-08-22,5:07,10.5388,65.7884,18.8668
712,2022-12-06,12:34,76.6574,45.8057,83.3618
713,2022-09-01,0:57,54.5425,86.7249,10.2498
714,2022-04-01,12:38,52.459,79.346,50.3393
715,2022-10-12,18:26,80.8291,20.9586,19.3503
716,2022-07-18,1:19,76.7952,72.5626,33.6105
717,2022-08-16,14:51,14.8874,74.6551,88.7272
718,2023-01-03,8:44,8.5156,96.8565,55.588
719,2022-03-28,22:11,33.7687,14.2331,74.2622
720,2022-11-25,4:34,58.3228,83.2142,48.5139
721,2022-09-20,12:55,20.7857,41.1332,83.8219
722,2022-07-30,14:38,90.0545,57.5172,83.5958
723,2022-08-03,22:31,20.3218,44.4796,31.9447
724,2022-09-12,23:44,21.8912,19.2003,78.096
725,2022-05-22,3:24,68.6302,26.8922,38.0554
726,2022-04-08,16:13,76.9131,44.6898,59.8571
727,2022-02-01,23:45,19.4196,66.8188,12.045
728,2022-12-18,23:09,68.6408,54.2064,16.2536
729,2022-09-18,22:12,49.845,80.074,61.8502
730,2022-05-06,17:56,24.1861,32.2323,81.0923
731,2022-06-11,23:30,6.1549,92.9908,32.5273
732,2022-12-29,14:52,22.5678,54.4173,22.0384
733,2022-03-19,10:24,12.5499,29.2125,10.5991
734,2022-05-24,13:13,86.1164,68.0547,62.5364
735,2022-12-09,4:39,94.5832,55.0337,59.519
736,2023-01-12,13:51,91.3273,12.5561,25.2494
737,2022-07-14,13:06,31.5508,75.1579,1.9734
738,2022-04-13,0:09,79.3863,5.6687,11.5736
739,2022-03-31,3:09,49.9103,21.8155,37.7078
740,2022-10-26,5:32,53.6263,84.1672,53.6903
741,2022-11-11,12:39,76.8627,38.5481,70.0628
742,2022-07-23,17:28,47.412,50.4489,42.1293
743,2022-12-29,15:58,72.2121,86.6216,22.2957
744,2022-03-09,14:07,20.0456,66.0742,97.3248
745,2023-01-12,7:20,61.9935,20.6249,76.4869
746,2022-11-20,9:21,90.8549,39.0903,41.3834
747,2022-04-06,23:48,13.7237,57.3388,52.3047
748,2022-09-28,16:11,20.5514,25.067,88.5199
749,2022-09-06,12:32,68.4359,22.6986,4.0727
750,2022-07-30,14:19,44.7396,5.401,93.3839
751,2022-11-21,22:54,16.7473,35.2496,26.2804
752,2022-04-06,2:59,79.9972,41.243,2.1238
753,2022-08-08,21:29,97.4937,66.5983,58.8216
754,2022-12-22,2:59,98.5086,98.9766,67.7261
755,2022-08-26,13:45,74.2833,37.9222,48.0953
756,2022-10-22,16:02,89.0881,27.5375,36.9521
757,2022-04-20,15:42,24.6753,64.3772,67.3541
758,2022-04-04,11:17,3.6808,10.6786,63.8732
759,2022-11-27,13:22,53.673,22.2316,26.3694
760,2022-01-25,4:13,19.0045,51.3269,62.0517
761,2022-11-10,11:57,44.3745,62.2549,72.5461
762,2022-08-08,1:38,56.6179,49.0809,86.4792
763,2022-06-28,21:44,86.7665,79.9411,29.086
764,2022-07-16,15:31,54.2402,88.6783,78.6181
765,2022-02-08,3:13,66.0461,42.6152,53.4462
766,2023-01-10,18:17,5.4093,57.5352,40.5327
767,2022-05-18,2:34,57.5226,84.4409,17.8196
768,2022-08-09,20:37,75.1373,20.0904,57.1141
769,2022-11-22,13:19,10.6885,20.4648,98.7864
770,2022-11-15,13:12,13.0898,19.6236,59.1079
771,2022-07-26,18:11,47.5895,16.3881,71.7731
772,2022-09-17,20:29,56.7352,79.7652,43.8053
773,2022-02-04,22:53,60.1278,10.1984,44.7569
774,2022-02-02,11:49,35.3556,3.8799,64.9741
775,2022-12-23,17:20,48.0244,44.5474,16.3085
776,2022-04-20,5:29,31.9982,76.1283,16.7297
777,2023-01-15,14:06,44.4297,75.1964,61.6556
778,2023-01-16,21:46,35.2487,58.4096,29.3127
779,2022-09-05,4:37,14.1474,31.1736,65.0961
780,2023-01-14,4:03,74.1153,16.0762,6.8058
781,2022-05-22,12:47,30.0124,5.0877,50.4795
782,2022-09-06,7:44,2.6192,94.4514,90.4312
783,2022-02-19,20:09,70.2577,27.3898,46.0744
784,2022-07-30,11:32,38.3478,45.2975,55.9861
785,2022-06-08,11:51,4.9488,58.69,44.125
786,2022-12-30,13:00,48.7667,13.0702,78.0601
787,2022-05-22,4:06,80.9932,20.0643,65.4369
788,2022-06-09,11:33,84.8525,17.6853,73.9335
789,2022-04-04,16:05,48.6843,61.5682,8.9578
790,2022-08-03,6:53,67.9104,91.2973,14.7525
791,2022-03-05,17:05,17.1061,23.4952,50.6863
792,2022-06-08,8:36,58.0426,30.9575,59.3542
793,2022-11-27,14:26,11.3398,52.9992,92.6109
794,2022-04-25,20:03,88.3673,90.3735,95.2946
795,2022-02-28,22:57,81.2391,61.465,26.8507
796,2022-06-17,12:38,51.1186,66.9415,65.9107
797,2022-11-22,21:30,31.5062,18.4752,45.4478
798,2022-07-10,13:45,99.4658,13.6638,39.1459
799,2022-10-21,8:44,94.0761,2.506,57.8636
800,2022-04-15,19:05,32.0884,58.6529,11.8546
801,2022-06-01,4:35,54.2604,2.3811,3.3551
802,2022-03-15,0:04,61.9111,84.4939,2.0515
803,2022-12-09,6:08,62.1131,13.6636,37.2162
804,2022-07-12,0:58,15.0937,81.0515,24.7981
805,2022-05-31,11:26,26.8673,13.4066,28.9495
806,2022-03-03,3:25,49.4101,78.2446,34.3163
807,2022-03-24,22:49,55.5212,72.4797,73.5606
808,2022-07-08,1:10,47.8277,93.3178,98.2874
809,2022-05-08,21:35,38.402,69.1861,70.1739
810,2022-06-24,23:29,94.152,55.9108,19.7312
811,2022-12-23,1:52,98.6501,51.7738,95.8174
812,2022-03-31,18:15,98.6824,65.441,49.6536
813,2022-03-28,4:43,19.4738,77.3968,75.0652
814,2022-11-03,17:08,30.9491,49.8328,53.7341
815,2022-06-30,23:46,85.4545,51.8045,50.6336
816,2022-04-25,9:56,48.9818,82.0333,14.9751
817,2022-08-17,14:54,42.8596,68.2574,25.1809
818,2022-04-12,2:08,10.8161,39.6178,31.4192
819,2022-06-17,13:16,60.7155,12.0705,37.9688
820,2022-04-18,9:08,12.116,73.8619,93.6957
821,2022-07-15,11:13,11.8809,4.5524,94.1929
822,2022-02-14,5:35,9.3433,25.3736,96.8815
823,2022-04-06,2:40,41.2025,35.0855,97.0246
824,2022-09-15,2:26,74.3092,42.7376,63.5415
825,2022-05-06,1:00,66.9552,93.1547,9.9283
826,2022-08-04,13:35,20.1767,94.9053,55.9365
827,2023-01-13,9:30,78.592,29.9591,34.7793
828,2022-10-06,16:42,14.5666,26.9847,97.5854
829,2022-08-06,21:36,62.9633,19.8689,10.9064
830,2022-10-05,22:19,60.8657,61.6281,11.1664
831,2022-04-08,20:45,81.2335,87.7603,20.241
832,2022-10-23,20:34,1.1846,97.2881,3.4462
833,2022-02-05,23:31,3.5307,99.4848,21.6166
834,2022-11-21,22:15,81.0045,21.6231,55.902
835,2022-08-11,11:15,59.3778,89.6264,36.9841
836,2022-06-16,8:48,25.2204,55.1553,81.847
837,2022-03-25,13:30,82.2834,18.674,3.6831
838,2022-04-14,14:22,12.2071,48.0671,43.745
839,2022-02-15,20:40,93.5251,45.9079,31.8494
840,2022-06-25,5:45,5.4086,84.7445,39.7979
841,2022-07-03,14:00,27.1149,17.2075,85.8554
842,2022-03-07,17:58,84.7823,71.9255,81.2198
843,2022-11-23,14:43,80.5065,82.7961,6.1343
844,2022-02-02,21:52,94.0032,43.1772,27.2287
845,2022-06-21,3:31,49.3282,23.744,40.5193
846,2022-03-16,19:20,71.91,4.5309,77.852
847,2022-04-14,12:03,97.5329,71.9098,18.4597
848,2022-04-13,10:43,12.8773,6.8667,63.775
849,2022-04-14,22:55,33.2008,98.1583,41.5784
850,2022-06-24,19:40,89.6923,28.4255,15.7033
851,2022-12-30,15:48,31.2566,14.1867,49.7652
852,2022-03-31,16:05,48.1394,27.4017,52.7433
853,2023-01-12,8:21,52.9598,97.546,23.5963
854,2022-09-23,0:03,5.4022,3.3557,55.3874
855,2022-05-06,13:23,11.7787,49.4984,46.3469
856,2022-06-24,18:49,56.9427,69.0753,3.5955
857,2022-11-18,17:42,42.0675,54.8871,26.929
858,2022-09-22,12:40,40.4322,57.8158,83.5212
859,2022-06-07,21:59,7.904,70.645,25.6246
860,2022-02-12,12:58,58.1422,85.8225,48.3993
861,2022-07-28,22:23,9.1014,18.7409,94.1421
862,2022-05-06,15:21,23.2956,78.4806,80.3311
863,2022-02-10,17:09,62.9325,66.8388,72.9679
864,2022-10-19,0:00,34.3173,71.3352,98.3191
865,2022-05-23,14:17,3.9566,10.3741,21.587
866,2022-02-13,6:02,10.5449,39.9731,14.1964
867,2022-05-27,16:58,46.8438,43.8852,33.9541
868,2022-05-18,2:54,29.7537,43.0545,49.4067
869,2023-01-13,9:41,67.4332,12.2017,92.0074
870,2022-11-07,5:17,81.9587,35.6787,51.8014
871,2022-02-10,8:51,17.3616,40.4802,94.5491
872,2022-03-31,15:13,21.7925,51.5918,84.2766
873,2022-12-31,11:19,1.7821,68.6356,41.4849
874,2022-05-07,7:32,20.5635,83.1937,18.6415
875,2022-03-11,23:33,74.9275,98.7737,6.6608
876,2022-08-04,2:22,3.0758,4.2177,83.8589
877,2022-07-08,2:37,49.87,30.8146,9.5744
878,2023-01-12,17:12,72.6511,7.5162,27.2943
879,2022-06-04,1:18,51.7031,74.6377,13.4232
880,2022-04-20,7:43,62.3085,58.455,47.2294
881,2022-08-08,1:28,2.0282,11.3982,45.8264
882,2022-07-01,7:10,20.3927,45.2512,67.0807
883,2022-08-07,9:30,32.8072,48.698,54.5593
884,2022-10-02,13:29,89.7495,34.9367,61.1321
885,2022-11-21,14:10,15.1199,71.1219,71.5306
886,2022-01-28,12:27,63.062,50.7738,52.5878
887,2022-08-05,1:29,53.4838,44.1973,93.0348
888,2022-04-30,1:38,58.6267,90.3194,43.1618
889,2022-07-31,10:07,57.3632,54.1312,80.1957
890,2022-06-17,10:10,88.7879,58.5206,87.3504
891,2022-10-01,23:45,61.7991,38.587,29.6864
892,2022-09-12,20:57,17.9595,31.5184,85.7322
893,2022-05-06,2:34,92.201,94.4421,22.7446
894,2022-07-21,22:27,87.4223,69.3758,65.5662
895,2023-01-01,11:54,37.1114,71.1237,36.4316
896,2022-10-24,6:43,13.3037,26.5018,83.8992
897,2022-11-10,6:06,39.7113,28.3947,7.1955
898,2022-03-16,6:02,93.9894,30.3552,58.8211
899,2022-11-14,7:53,82.056,73.3281,66.0725
900,2022-03-18,22:52,14.403,83.3159,80.5239
901,2022-10-06,6:41,66.7381,55.0064,29.3905
902,2022-10-09,15:06,94.4926,67.7864,71.5234
903,2022-01-31,17:21,84.9924,37.7079,36.8258
904,2022-03-04,15:08,97.4886,73.8579,74.8629
905,2022-11-17,2:30,68.192,99.0154,87.4727
906,2022-05-25,19:15,95.1616,67.709,15.8736
907,2022-03-29,1:09,56.0365,72.3402,12.3472
908,2022-06-16,19:45,59.6512,71.8131,12.2531
909,2022-08-15,16:37,6.2996,82.4149,28.9144
910,2022-08-31,7:51,76.67,11.9936,20.815
911,2023-01-15,12:17,87.8028,95.698,47.2308
912,2022-12-27,12:01,87.8598,25.8998,29.333
913,2022-02-14,20:23,57.187,78.029,23.3243
914,2022-05-03,19:05,1.891,31.5156,56.6539
915,2022-04-26,7:11,32.473,87.9956,90.8423
916,2022-02-09,9:14,33.4714,40.7476,1.0076
917,2022-10-30,12:11,10.0971,64.3536,20.0651
918,2022-04-03,20:27,71.0024,20.935,84.7605
919,2022-07-20,17:27,8.8969,50.3572,85.0353
920,2022-10-30,23:36,15.4862,96.6381,15.973
921,2022-03-22,3:42,12.4782,36.4688,52.4755
922,2023-01-24,12:00,22.3067,90.3977,20.2374
923,2022-10-06,18:25,10.6034,35.6033,45.7109
924,2022-04-23,9:59,28.0528,22.0072,43.57
925,2022-12-17,0:24,44.735,20.9356,71.8271
926,2022-10-19,0:48,90.4838,17.4524,30.7793
927,2022-05-31,11:54,85.0795,99.7832,23.4707
928,2022-09-01,4:43,41.4204,92.6698,93.6365
929,2022-06-29,10:14,71.2308,51.9277,8.8329
930,2022-04-02,20:56,14.0828,24.1445,22.2163
931,2022-02-24,22:40,26.716,69.5976,41.347
932,2022-01-26,13:27,81.1863,24.6127,4.3926
933,2022-09-25,11:14,77.5996,61.2922,5.7218
934,2022-11-04,11:50,39.5672,37.5413,24.0268
935,2022-03-07,21:39,89.1392,48.3532,38.5698
936,2022-04-01,20:18,79.2285,88.816,50.7667
937,2022-12-27,0:32,96.9568,92.9035,62.5051
938,2022-04-01,12:19,22.8682,80.1282,35.2082
939,2022-06-28,14:02,72.2182,54.7321,13.4405
940,2022-10-06,2:50,8.8901,41.023,51.8904
941,2022-03-20,8:08,40.6114,6.7528,76.8365
942,2022-07-03,9:22,58.1877,47.3654,52.283
943,2022-01-27,15:18,99.1787,44.7855,51.737
944,2022-08-01,16:31,97.8786,91.3888,53.139
945,2022-06-11,15:39,39.9588,89.8429,79.428
946,2022-12-09,15:12,77.8792,60.0007,7.7631
947,2022-10-06,0:29,1.004,1.0181,50.8876
948,2022-10-14,20:26,88.5389,40.1565,39.1334
949,2022-02-13,2:46,65.5223,60.9294,7.6577
950,2022-03-18,6:49,21.7327,38.728,54.2994
951,2022-05-08,16:30,16.7026,92.8438,44.9153
952,2022-12-21,13:53,3.2055,80.0751,26.433
953,2022-05-08,22:15,54.5463,26.5985,4.0915
954,2022-03-18,16:55,33.063,71.5648,9.9689
955,2022-07-16,17:21,20.6435,3.3874,11.5786
956,2022-06-07,20:39,60.6236,24.7811,74.8595
957,2022-08-21,3:21,93.0044,59.8097,9.108
958,2022-12-29,4:15,82.1333,81.6418,90.4195
959,2022-07-31,5:04,11.8005,40.9991,94.2114
960,2022-06-14,15:31,1.3935,71.3147,34.5285
961,2022-05-24,11:02,14.075,64.946,75.5479
962,2022-08-25,23:37,1.1341,47.6402,73.8117
963,2022-04-22,10:45,73.644,27.3288,35.2426
964,2022-05-12,12:23,9.7389,40.1685,57.4704
965,2023-01-13,19:52,27.459,87.3059,18.5701
966,2023-01-22,15:28,33.0943,20.0283,73.0829
967,2022-04-22,6:27,34.453,92.279,4.3394
968,2022-09-12,1:40,18.4636,45.3067,55.2126
969,2022-08-11,16:31,82.2564,79.8113,77.022
970,2022-11-04,15:57,98.8115,18.1635,24.767
971,2022-02-17,10:14,87.5099,10.5281,20.0224
972,2022-12-15,16:00,36.0446,16.6733,93.3408
973,2022-09-30,5:26,62.7994,45.9263,99.3829
974,2022-09-27,21:58,68.1083,59.895,82.2013
975,2022-11-28,11:55,39.6744,8.7455,32.3915
976,2022-04-10,21:57,14.7692,44.2378,63.2633
977,2022-08-13,3:46,42.9414,85.5685,29.7846
978,2022-05-28,3:03,78.9079,64.5453,45.377
979,2022-01-27,16:04,14.5019,56.6801,62.8275
980,2022-02-26,14:25,28.6842,4.564,33.6997
981,2022-07-16,10:54,89.8908,66.5959,65.0823
982,2022-03-06,19:29,12.4807,56.776,5.0857
983,2022-05-09,12:49,34.4899,27.589,43.1443
984,2022-11-01,6:01,71.0695,14.399,93.802
985,2022-05-19,7:15,91.2185,74.4851,38.6186
986,2022-10-01,9:39,72.5993,61.752,37.8551
987,2022-12-09,5:06,36.3656,65.6995,39.8683
988,2022-02-08,9:10,94.2473,46.7829,95.2224
989,2022-09-18,10:25,91.4246,12.6691,78.7534
990,2022-02-27,23:25,74.6812,24.7037,72.5869
991,2022-05-02,5:42,29.0911,94.7605,46.3854
992,2022-11-04,19:40,18.7172,21.7958,81.6209
993,2022-02-28,7:07,69.3178,86.2796,13.192
994,2022-10-31,11:29,62.3849,60.8817,17.7557
995,2022-08-06,11:40,91.2384,78.1039,91.5107
996,2022-07-16,21:19,3.0816,93.4804,21.8682
997,2022-09-05,16:32,33.5638,37.2893,65.3025
998,2022-03-31,23:24,33.4329,69.0396,73.8859
999,2022-07-29,20:47,42.5406,97.2093,98.8134
1000,2022-04-17,21:57,38.6919,97.82,41.5314
